{"R2": 0.2667537837100262, "MSE": 0.8634111101341532}